first_name,last_name,birth_date,email
Carly,Rogers,1978-07-28,orci.lacus.vestibulum@Donecelementum.co.uk
Keely,Boone,1982-08-19,nisi.dictum.augue@arcuetpede.edu
Grady,Mcneil,1988-02-24,enim@Integereulacus.ca
Martina,Sargent,1970-06-09,magnis.dis@tristique.edu
Camilla,Mcdaniel,1990-08-22,congue.turpis.In@Donecnonjusto.org
Roanna,Holmes,1987-03-11,Lorem.ipsum.dolor@eu.net
Dai,Petersen,1979-12-16,mauris@Aliquamnec.co.uk
Sasha,Love,1975-12-02,vitae.erat@sed.net
Darrel,Rutledge,1986-11-08,accumsan.convallis@convalliserat.edu
Cora,Spence,1979-09-07,ac@malesuada.org
Naomi,Carlson,1971-09-19,magnis.dis.parturient@euelit.edu
Maxwell,Thompson,1977-06-29,tellus.Suspendisse@ullamcorpernisl.co.uk
Ray,Simpson,1971-12-07,dui.nec@perconubianostra.ca
Honorato,Massey,1996-08-17,Phasellus.nulla.Integer@egetlaoreetposuere.net
Cecilia,Silva,1987-10-24,penatibus.et.magnis@lectus.com
Callie,Conley,1997-05-04,venenatis.a.magna@Crasinterdum.edu
Cullen,Vaughan,1995-07-23,fringilla.purus@necurnasuscipit.ca
Fleur,Mendez,1986-10-23,vitae.aliquet@Utsagittis.edu
Octavius,Delaney,1991-11-04,et.commodo@Inscelerisque.org
Roth,Kaufman,1985-01-16,id.erat.Etiam@mattis.ca
Katelyn,Boyer,1993-09-20,lacinia.vitae@tristiquepellentesque.org
Dylan,Ingram,1989-07-05,sapien@magna.co.uk
Lesley,Serrano,1995-01-13,Proin.mi@habitantmorbitristique.org
Quentin,Morrow,1983-11-18,lorem.Donec@primis.ca
Ina,Baxter,1989-04-15,Morbi.neque@diamProindolor.edu
Idola,Hardin,1995-05-24,nunc.sit@duiCraspellentesque.net
Moana,Fleming,1981-09-05,magnis.dis@neque.net
Margaret,Hooper,1986-04-06,adipiscing.enim@sit.org
Gannon,Franklin,1992-07-31,Nam.ligula@estarcu.edu
Carol,Solomon,1977-06-20,dictum.cursus@sitamet.edu
Geraldine,Waters,1973-12-26,mollis@Aliquamnecenim.org
Wyoming,Walker,1992-12-21,nibh@egestasAliquamnec.ca
Risa,Winters,1972-09-19,Aenean.eget@nislarcuiaculis.co.uk
Kato,Clarke,1992-05-03,tincidunt.orci@pharetrafeliseget.org
Stacey,Nicholson,1985-02-16,convallis@gravidasit.co.uk
Evan,Marks,1973-11-22,Integer.urna.Vivamus@velnisl.edu
Jade,Shelton,1981-07-29,placerat.augue@necurna.edu
Mason,Alston,1991-12-04,amet@consequat.com
Lynn,King,1994-09-15,ipsum@semegestasblandit.com
Raven,Spencer,1993-12-25,hymenaeos.Mauris.ut@arcuAliquamultrices.org
Meghan,Ayers,1996-02-12,odio.Phasellus@tinciduntadipiscing.com
Hedwig,Ewing,1989-10-02,scelerisque.neque@semmolestiesodales.co.uk
Harper,Mercado,1982-03-03,Maecenas.libero@at.org
Naomi,Meadows,1991-02-13,et.libero.Proin@risusDonec.ca
Maia,Ramsey,1978-04-09,leo@lobortis.org
Rogan,Harper,1975-05-14,porttitor.tellus.non@musAeneaneget.co.uk
Arsenio,Fry,1972-05-22,bibendum@nullaInteger.edu
Ignacia,Larsen,1987-04-11,quam@Nuncquisarcu.org
Orlando,Rasmussen,1995-01-03,lacus.Cras@Sed.com
Laura,Barrera,1972-11-11,Proin.ultrices.Duis@eulacusQuisque.co.uk
Abbot,Watson,1989-01-28,elementum@necurnasuscipit.net
Stacy,Guerra,1997-06-26,ipsum.primis.in@ac.edu
Gray,Bernard,1997-05-23,a@ut.com
Ulric,Andrews,1991-02-20,Nulla@penatibuset.ca
Lesley,Cooper,1979-08-30,in.consequat@malesuadafringillaest.org
Maris,Webster,1974-12-22,torquent.per.conubia@posuerevulputate.net
Cody,Delgado,1997-10-09,primis.in.faucibus@dolorquam.ca
Evangeline,Gould,1993-09-04,est.ac.facilisis@euismodenim.edu
Linda,David,1991-10-27,libero@dolor.com
Iona,Mccarthy,1986-04-07,vitae.odio@Naminterdumenim.org
Tamara,Valenzuela,1987-07-21,mauris@ullamcorpereu.com
Sheila,Barrera,1982-04-13,et@nec.com
Shay,Griffith,1986-06-09,elementum@porttitor.net
Kyla,Sosa,1978-02-05,cursus@ipsum.ca
Ira,Fuentes,1970-09-10,Maecenas.ornare@venenatislacus.com
Jolie,Casey,1979-12-06,Sed.nec.metus@Uttinciduntorci.co.uk
Brandon,Winters,1971-02-01,Sed@necenimNunc.co.uk
Randall,Collins,1998-02-23,tincidunt@ut.org
Guy,Waters,1976-12-02,Sed@tellus.org
Nyssa,Branch,1993-04-09,Duis@purusinmolestie.com
Willow,Crawford,1974-04-29,nisi@placeratorci.edu
Lysandra,Hunter,1998-12-20,fermentum.convallis@orci.com
Cameran,Navarro,1990-11-21,Aliquam.adipiscing@atpretiumaliquet.org
Melodie,Bean,1987-05-26,nibh@ligulaelitpretium.net
Hayes,Sharp,1978-10-25,elit.pretium@mauris.com
Lionel,Banks,1970-09-15,posuere@nullaDonec.ca
TaShya,Guzman,1972-02-02,bibendum.ullamcorper.Duis@luctus.edu
Portia,Wallace,1974-12-15,nisi@euaugueporttitor.edu
Courtney,James,1997-02-06,turpis.vitae.purus@auctornunc.edu
Jessica,Potts,1994-07-05,gravida@elit.ca
Nasim,Downs,1980-05-12,nisi.a@Quisqueporttitoreros.edu
Bianca,Torres,1974-04-02,tempor.arcu@faucibus.co.uk
Ramona,Pitts,1998-04-30,aliquet.metus@condimentum.com
Ursa,Cummings,1984-06-08,risus.In@tellus.org
Cassidy,Pennington,1990-01-30,arcu@faucibuslectus.co.uk
Melyssa,Berry,1986-02-05,nonummy@nonante.edu
Keely,House,1992-11-21,sapien.Nunc.pulvinar@magnaCras.edu
Xaviera,Pope,1970-04-09,in.magna.Phasellus@Quisquepurus.ca
Giacomo,Small,1985-01-17,Suspendisse.dui.Fusce@orci.edu
Sage,Rosales,1992-02-26,in.lobortis@etipsum.co.uk
Colt,Nicholson,1985-08-17,enim.Etiam@luctuset.org
Lyle,Michael,1994-06-03,dignissim.lacus@pulvinararcu.org
Declan,Romero,1978-05-10,cursus@dui.ca
Tatyana,Moon,1979-09-30,cursus.purus@Integeraliquamadipiscing.co.uk
Deirdre,Peters,1990-02-20,leo.Vivamus@vulputaterisus.com
Carter,Cunningham,1999-01-07,arcu.Vivamus@ornareelit.net
Daquan,Slater,1989-02-16,velit.Aliquam.nisl@consectetuereuismodest.net
Heidi,Conley,1972-01-01,turpis.egestas.Aliquam@Duis.net
Nola,Noel,1986-03-15,et@Donec.com
Talon,Davis,1977-01-31,quis.massa@dictum.co.uk
